{"Hawaii": {"CA": 22386.173042574017, "PA": 117191.40335613405}, "Indiana": {"CA": 32092.12699783633, "PA": 151866.76036532677}, "West Virginia": {"CA": 26775.45150033234, "PA": 109741.59891134678}, "Oklahoma": {"CA": 36244.293447045304, "PA": 141687.12962956965}, "Mississippi": {"CA": 23123.245446375662, "PA": 84946.57861286314}, "California": {"CA": 32301.83542900261, "PA": 149501.51180049163}, "Washington": {"CA": 39328.1072742351, "PA": 224889.24756588624}, "Montana": {"CA": 44163.338025066776, "PA": 245338.4322093924}, "Rhode Island": {"CA": 24659.05717034159, "PA": 147278.74356167947}, "Florida": {"CA": 33073.75290639432, "PA": 148796.27268448178}, "Idaho": {"CA": 36395.41282015062, "PA": 160654.3309122288}, "Illinois": {"CA": 40724.60454845541, "PA": 179923.3736567141}, "Wisconsin": {"CA": 48147.61680011524, "PA": 289821.3456540219}, "Virginia": {"CA": 31912.39222453295, "PA": 133212.30755427445}, "North Carolina": {"CA": 35883.16833216609, "PA": 136202.47810023688}, "Wyoming": {"CA": 35236.36555555556, "PA": 363897.04141417675}, "New Jersey": {"CA": 45803.771818116584, "PA": 204337.9979061715}, "Ohio": {"CA": 32098.18310697783, "PA": 156996.05251133142}, "Maryland": {"CA": 33473.55815815166, "PA": 153432.22099961093}, "South Dakota": {"CA": 63207.28511199345, "PA": 267163.81886046234}, "Nevada": {"CA": 20522.337332397146, "PA": 121582.33949971774}, "Iowa": {"CA": 41192.97475474641, "PA": 265550.27062500647}, "Connecticut": {"CA": 52419.76994345176, "PA": 177229.99052779164}, "Louisiana": {"CA": 40529.03129472808, "PA": 187865.9846614108}, "New Hampshire": {"CA": 43409.66510830334, "PA": 152684.4516712088}, "New York": {"CA": 42092.73903757435, "PA": 159275.1194345482}, "Alabama": {"CA": 30665.40851144429, "PA": 131282.13093703365}, "Missouri": {"CA": 40371.34421285443, "PA": 151300.8917981074}, "District of Columbia": {"CA": 70518.54778807872, "PA": 42221.35887623003}, "Michigan": {"CA": 34316.87984345942, "PA": 191808.4150247131}, "Arizona": {"CA": 33057.63187090284, "PA": 175768.39432514473}, "Kansas": {"CA": 39801.56600111194, "PA": 209587.85032768096}, "Texas": {"CA": 30481.877669804857, "PA": 142067.77893129786}, "Arkansas": {"CA": 27947.491813092398, "PA": 127645.48308711668}, "Virgin Islands": {"CA": 46053.08611111111, "PA": 96774.25528440913}, "Pennsylvania": {"CA": 38908.09991151918, "PA": 202428.74913797938}, "Vermont": {"CA": 38282.032245536924, "PA": 247727.5351079096}, "Guam": {"CA": 3513.59, "PA": 3021.6}, "South Carolina": {"CA": 19029.688547337388, "PA": 134301.69755690702}, "unknown": {"CA": 38441.85942391974, "PA": 248779.47359506963}, "Oregon": {"CA": 31116.88928571149, "PA": 163788.32050501535}, "Tennessee": {"CA": 34813.02317600928, "PA": 121231.71516182538}, "Georgia": {"CA": 35515.374770325296, "PA": 137220.4302038181}, "North Dakota": {"CA": 40648.352206178475, "PA": 293112.89365114534}, "Nebraska": {"CA": 42510.99763527068, "PA": 266565.4414104308}, "Utah": {"CA": 40420.35284424562, "PA": 144144.0634826738}, "Kentucky": {"CA": 24726.15762350486, "PA": 80249.73740432039}, "Delaware": {"CA": 29767.407275034882, "PA": 170146.19820707}, "Maine": {"CA": 30307.135263448443, "PA": 165968.59027329687}, "Alaska": {"CA": 43869.64020013313, "PA": 260742.22059310373}, "New Mexico": {"CA": 27947.131119386733, "PA": 213852.5686989791}, "Minnesota": {"CA": 50895.79862223675, "PA": 327821.4056828744}, "Massachusetts": {"CA": 38680.595404842396, "PA": 181590.53219982583}, "Puerto Rico": {"CA": 18791.564369106603, "PA": 104822.92510964641}, "Colorado": {"CA": 38412.23228741879, "PA": 185075.04730042367}}